row_number	crash_date	crash_report_id	crash_time	collision_type	street_or_highway	nearest_intersection	report_date	type_of_roadway	road_surface_condition	light_condition	weather_condition	manner_of_impact	hit_and_run	traffic_control	person_count	injury_count	most_serious_injury	number_of_lanes	lat_raw	lon_raw	count_pedestrian	count_bicycle	scooter	wheel_chair	number_of_vehicles	has_st_number	is_intersection_null	address_sent_to_geocoder	is_address_blank	lon_api_first_try	lat_api_first_try	type	loctype	address_returned_by_geocoder	address_returned_by_autocomplete	place_ids_autocompleted	lat_api_second_try	lon_api_second_try	lat_api_best	lon_api_best	distance_btwn_coords_meters
413	2025-10-02	928692	17:30:00	Bicycle	N MAIN ST	CANAL ST	2025-10-02	One-Way Trafficway	Dry	Daylight	Clear	Angle (Front - to - Side) Right Angle (Includes Broadside)	Yes, M/V and Driver Left Scene	Stop Signs	2	0	No Injury	NA	41.83233	-71.41087	NA	1	FALSE	FALSE	1	FALSE	FALSE	N Main Street and Canal Street, Providence, RI, USA	FALSE	-71.4112573	41.832049	intersection	geometric_center	canal st & n main st, providence, ri 02904, usa	NA	NA	NA	NA	41.832049	-71.4112573	44.83814969113204
414	2025-10-03	928719	13:09:00	Pedestrian	415 HARRIS AVE	ATWELLS AVE	2025-10-03	Two-Way , Not Divided	Dry	Daylight	Clear	Not a Collision Between Two Motor Vehicles in Transport	Yes, M/V and Driver Left Scene	No Controls	3	1	Complains Of Pain	NA	41.82462	-71.43494	1	NA	FALSE	FALSE	1	TRUE	FALSE	415 Harris Ave, Providence, RI, USA	FALSE	-71.4342559	41.8249763	premise	rooftop	415 harris ave, providence, ri 02909, usa	NA	NA	NA	NA	41.8249763	-71.4342559	69.23572313916621
416	2025-10-04	929771	17:20:00	Pedestrian	BROAD ST	NA	2025-11-05	Two-Way , Not Divided	Dry	Daylight	Clear	Unknown	Yes, M/V and Driver Left Scene	Unknown	4	1	Complains Of Pain	NA	NA	NA	1	NA	FALSE	FALSE	1	FALSE	TRUE	Broad Street, Providence, RI, USA	FALSE	-71.4174197	41.8004646	route	geometric_center	broad st, providence, ri, usa	NA	NA	NA	NA	41.8004646	-71.4174197	NA
417	2025-10-05	928763	03:13:00	Pedestrian	BROAD STREET	PORTLAND STREET	2025-10-05	Two-Way, Divided, Unprotected (painted>4feet) Medium	Dry	Dark - Lighted	Cloudy	Not a Collision Between Two Motor Vehicles in Transport	No	No Controls	4	1	Incapacitating	NA	41.82172	-71.4208	1	NA	FALSE	FALSE	1	FALSE	FALSE	Broad Street and Portland Street, Providence, RI, USA	FALSE	-71.4212807	41.8141492	intersection	geometric_center	portland st & broad st, providence, ri 02907, usa	NA	NA	NA	NA	41.8141492	-71.4212807	843.720638338127
418	2025-10-05	928779	19:41:00	Pedestrian	COLLEGE ST	COLLEGE ST	2025-10-05	Two-Way , Not Divided	Dry	Dark - Lighted	Clear	Not a Collision Between Two Motor Vehicles in Transport	No	No Controls	2	1	Non-Incapacitating	NA	41.82552	-71.40821	1	NA	FALSE	FALSE	1	FALSE	FALSE	College Street and College Street, Providence, RI, USA	FALSE	-71.4067047	41.8260224	route	geometric_center	college st, providence, ri 02903, usa	NA	NA	NA	NA	41.8260224	-71.4067047	136.82099243103985
419	2025-10-05	928781	22:26:00	Pedestrian	RANDALL ST	NORTH MAIN ST	2025-10-05	Two-Way , Not Divided	Dry	Dark - Lighted	Clear	Not a Collision Between Two Motor Vehicles in Transport	Yes, M/V and Driver Left Scene	Traffic Control Signal	1	1	Complains Of Pain	NA	41.83776	-71.41013	1	NA	FALSE	FALSE	1	FALSE	FALSE	Randall Street and North Main Street, Providence, RI, USA	FALSE	-71.4096278	41.8379729	intersection	geometric_center	randall st & n main st, providence, ri 02904, usa	NA	NA	NA	NA	41.8379729	-71.4096278	47.92167389204715
420	2025-10-05	928845	01:36:00	Pedestrian	POTTERS AVE	ELMWOOD AVE	2025-10-07	Two-Way, Divided, Unprotected (painted>4feet) Medium	Dry	Dark - Lighted	Clear	Not a Collision Between Two Motor Vehicles in Transport	No	No Controls	5	1	Non-Incapacitating	NA	41.80151	-71.42635	1	NA	FALSE	FALSE	1	FALSE	FALSE	Potters Ave and Elmwood Ave, Providence, RI, USA	FALSE	-71.4263526	41.8015181	intersection	geometric_center	potters ave & elmwood ave, providence, ri 02907, usa	NA	NA	NA	NA	41.8015181	-71.4263526	0.927142257854466
421	2025-10-05	929252	15:30:00	Pedestrian	WASHINGTON ST	DEAN ST	2025-10-21	Two-Way , Not Divided	Dry	Daylight	Clear	Unknown	No	Unknown	1	1	Complains Of Pain	NA	41.81907	-71.42074	1	NA	FALSE	FALSE	1	FALSE	FALSE	Washington Street and Dean Street, Providence, RI, USA	FALSE	-71.4207374	41.8190843	intersection	geometric_center	dean st & washington st, providence, ri 02903, usa	NA	NA	NA	NA	41.8190843	-71.4207374	1.606415959632194
422	2025-10-06	928798	12:06:00	Pedestrian	ELMWOOD AVE	EARL ST	2025-10-06	Two-Way, Divided, Unprotected (painted>4feet) Medium	Dry	Daylight	Clear	Not a Collision Between Two Motor Vehicles in Transport	No	No Controls	3	1	Complains Of Pain	NA	41.79829	-71.42622	1	NA	FALSE	FALSE	1	FALSE	FALSE	Elmwood Ave and Earl Street, Providence, RI, USA	FALSE	-71.42622279999999	41.7981091	intersection	geometric_center	elmwood ave & earl st, providence, ri 02907, usa	NA	NA	NA	NA	41.7981091	-71.42622279999999	20.139036475141157
423	2025-10-07	928843	15:00:00	Pedestrian	CRANSTON ST	FRICKER ST	2025-10-07	Two-Way , Not Divided	Dry	Daylight	Clear	Other	Yes, M/V and Driver Left Scene	No Controls	2	0	No Injury	NA	41.81684	-71.42276	1	NA	FALSE	FALSE	1	FALSE	FALSE	Cranston Street and Fricker Street, Providence, RI, USA	FALSE	-71.42226459999999	41.817196	intersection	geometric_center	cranston st & fricker st, providence, ri 02903, usa	NA	NA	NA	NA	41.817196	-71.42226459999999	57.094263178525175
424	2025-10-07	929384	00:00:00	Pedestrian	DEXTER ST	CRANSTON ST	2025-10-24	Two-Way , Not Divided	Dry	Unknown	Clear	Other	Yes, M/V and Driver Left Scene	Unknown	1	1	Complains Of Pain	NA	41.81256	-71.42957	1	NA	FALSE	FALSE	1	FALSE	FALSE	Dexter Street and Cranston Street, Providence, RI, USA	FALSE	-71.4295953	41.8126211	intersection	geometric_center	cranston st & dexter st, providence, ri 02907, usa	NA	NA	NA	NA	41.8126211	-71.4295953	7.118174483655722
425	2025-10-08	928870	13:07:00	Pedestrian	CARTER ST	VINEYARD ST	2025-10-08	Two-Way, Divided, Unprotected (painted>4feet) Medium	Wet	Daylight	Rain	Not a Collision Between Two Motor Vehicles in Transport	No	Other	2	1	Complains Of Pain	NA	41.79991	-71.42889	1	NA	TRUE	FALSE	1	FALSE	FALSE	Carter Street and Vineyard Street, Providence, RI, USA	FALSE	-71.42890369999999	41.7999226	intersection	geometric_center	carter st & vineyard st, providence, ri 02907, usa	NA	NA	NA	NA	41.7999226	-71.42890369999999	1.8055255283822509
426	2025-10-09	928907	15:19:00	Pedestrian	114 GEORGE ST	THAYER ST	2025-10-09	Two-Way , Not Divided	Dry	Daylight	Clear	Not a Collision Between Two Motor Vehicles in Transport	Yes, M/V and Driver Left Scene	No Controls	1	0	No Injury	2	NA	NA	1	NA	FALSE	FALSE	1	TRUE	FALSE	114 George Street, Providence, RI, USA	FALSE	-71.4012707	41.8257025	premise	rooftop	114 george st, providence, ri 02906, usa	NA	NA	NA	NA	41.8257025	-71.4012707	NA
427	2025-10-09	928908	18:29:00	Pedestrian	CAMDEN AVE	CHALKSTONE AVE	2025-10-09	One-Way Trafficway	Dry	Dark - Lighted	Clear	Not a Collision Between Two Motor Vehicles in Transport	No	No Controls	4	1	Complains Of Pain	1	41.8353	-71.42536	1	NA	FALSE	FALSE	1	FALSE	FALSE	Camden Ave and Chalkstone Ave, Providence, RI, USA	FALSE	-71.4253461	41.8353063	intersection	geometric_center	chalkstone ave & camden ave, providence, ri 02908, usa	NA	NA	NA	NA	41.8353063	-71.4253461	1.349425237031224
428	2025-10-10	928916	09:00:00	Pedestrian	DELAINE ST	VALLEY ST	2025-10-10	Two-Way , Not Divided	Dry	Daylight	Clear	Sideswipe, Same Direction	Yes, M/V and Driver Left Scene	Pavement Markings	2	0	No Injury	NA	41.81951	-71.44053	1	NA	FALSE	FALSE	1	FALSE	FALSE	Delaine Street and Valley Street, Providence, RI, USA	FALSE	-71.44050340000001	41.8195304	intersection	geometric_center	delaine st & valley st, providence, ri 02909, usa	NA	NA	NA	NA	41.8195304	-71.44050340000001	3.1665179141928705
429	2025-10-10	928921	11:28:00	Pedestrian	DOYLE AVE	HOPE ST	2025-10-10	Two-Way , Not Divided	Dry	Daylight	Clear	Not a Collision Between Two Motor Vehicles in Transport	No	No Controls	3	1	Complains Of Pain	NA	41.83877	-71.40054	1	NA	FALSE	FALSE	1	FALSE	FALSE	Doyle Ave and Hope Street, Providence, RI, USA	FALSE	-71.4000949	41.8387918	intersection	geometric_center	hope st & doyle ave, providence, ri 02906, usa	NA	NA	NA	NA	41.8387918	-71.4000949	36.99439201158157
430	2025-10-10	928922	11:41:00	Bicycle	BROAD ST	CAHIR ST	2025-10-10	Two-Way, Divided, Unprotected (painted>4feet) Medium	Dry	Daylight	Clear	Not a Collision Between Two Motor Vehicles in Transport	No	Traffic Control Signal	4	1	Complains Of Pain	NA	41.81692	-71.41795	NA	1	FALSE	FALSE	1	FALSE	FALSE	Broad Street and Cahir Street, Providence, RI, USA	FALSE	-71.4178933	41.8169555	intersection	geometric_center	broad st & cahir st, providence, ri 02903, usa	NA	NA	NA	NA	41.8169555	-71.4178933	6.143717235691699
431	2025-10-10	928943	00:33:00	Bicycle	BRANCH AVE	BRANCH AVE EXIT 24	2025-10-11	Two-Way, Divided, Positive Median Barrier	Dry	Dark - Lighted	Cloudy	Not a Collision Between Two Motor Vehicles in Transport	No	Traffic Control Signal	2	2	Non-Incapacitating	NA	41.84629	-71.41157	NA	1	FALSE	FALSE	1	FALSE	FALSE	Branch Ave and Branch Ave Exit 24, Providence, RI, USA	FALSE	-71.4222562	41.8512794	route	geometric_center	branch ave, providence, ri 02904, usa	NA	NA	NA	NA	41.8512794	-71.4222562	1045.8079741750755
433	2025-10-12	929224	14:30:00	Pedestrian	POINT ST	S WATER ST	2025-10-20	Unknown	Dry	Daylight	Clear	Unknown	No	Unknown	2	1	Complains Of Pain	NA	41.81864	-71.4017	1	NA	FALSE	FALSE	1	FALSE	FALSE	Point Street and S Water Street, Providence, RI, USA	FALSE	-71.40187759999999	41.8187542	intersection	geometric_center	s water st & point st, providence, ri 02903, usa	NA	NA	NA	NA	41.8187542	-71.40187759999999	19.46030716831863
434	2025-10-13	928995	12:09:00	Bicycle	CHAD BROWN ST	CAMDEN AVE	2025-10-13	Two-Way , Not Divided	Wet	Daylight	Rain	Angle (Front - to - Side) Right Angle (Includes Broadside)	No	Stop Signs	3	1	Complains Of Pain	NA	41.83888	-71.42671	NA	1	FALSE	FALSE	1	FALSE	FALSE	Chad Brown Street and Camden Ave, Providence, RI, USA	FALSE	-71.4267042	41.8388958	intersection	geometric_center	chad brown st & camden ave, providence, ri 02908, usa	NA	NA	NA	NA	41.8388958	-71.4267042	1.823439817151021
435	2025-10-13	929011	20:40:00	Pedestrian	MERCY ST	POCASSET AVE	2025-10-14	Two-Way , Not Divided	Wet	Dark - Lighted	Rain	Not a Collision Between Two Motor Vehicles in Transport	No	Pavement Markings	2	1	Complains Of Pain	NA	41.80854	-71.45566	1	NA	FALSE	FALSE	1	FALSE	FALSE	Mercy Street and Pocasset Ave, Providence, RI, USA	FALSE	-71.45563609999999	41.8085442	intersection	geometric_center	mercy st & pocasset ave, providence, ri 02909, usa	NA	NA	NA	NA	41.8085442	-71.45563609999999	2.037470435745146
436	2025-10-14	929048	19:56:00	Bicycle	MOOREFIELD ST	POCASSET AVE	2025-10-14	Two-Way , Not Divided	Dry	Daylight	Clear	Other	No	No Controls	3	0	No Injury	NA	41.80696	-71.45682	NA	1	FALSE	FALSE	1	FALSE	FALSE	Moorefield Street and Pocasset Ave, Providence, RI, USA	FALSE	-71.4567453	41.806952	intersection	geometric_center	pocasset ave & moorefield st, providence, ri 02909, usa	NA	NA	NA	NA	41.806952	-71.4567453	6.262030667290887
437	2025-10-14	929187	10:58:00	Pedestrian	EATON ST	SMITH ST	2025-10-19	Two-Way , Not Divided	Dry	Dawn	Clear	Not a Collision Between Two Motor Vehicles in Transport	Yes, M/V and Driver Left Scene	No Controls	2	1	Complains Of Pain	NA	41.84365	-71.44728	1	NA	FALSE	FALSE	1	FALSE	FALSE	Eaton Street and Smith Street, Providence, RI, USA	FALSE	-71.4476423	41.8436958	intersection	geometric_center	eaton st & smith st, providence, ri 02908, usa	NA	NA	NA	NA	41.8436958	-71.4476423	30.47484175660567
438	2025-10-15	929066	15:38:00	Bicycle	850 MANTON AVE	NA	2025-10-15	Unknown	Dry	Daylight	Clear	Angle (Front - to - Side) Right Angle (Includes Broadside)	No	No Controls	3	0	No Injury	NA	NA	NA	NA	NA	FALSE	FALSE	1	TRUE	TRUE	850 Manton Ave, Providence, RI, USA	FALSE	-71.4666696	41.8326397	premise	geometric_center	850 manton ave, providence, ri 02909, usa	NA	NA	NA	NA	41.8326397	-71.4666696	NA
440	2025-10-16	929103	16:50:00	Pedestrian	BROAD ST	PEARL ST	2025-10-16	Two-Way , Not Divided	Dry	Daylight	Clear	Not a Collision Between Two Motor Vehicles in Transport	No	Pavement Markings	3	1	Complains Of Pain	NA	41.81475	-71.42095	1	NA	FALSE	FALSE	1	FALSE	FALSE	Broad Street and Pearl Street, Providence, RI, USA	FALSE	-71.42095479999999	41.8147808	intersection	geometric_center	pearl st & broad st, providence, ri 02907, usa	NA	NA	NA	NA	41.8147808	-71.42095479999999	3.4516909413219024
441	2025-10-17	929138	15:15:00	Pedestrian	ONTARIO ST	NIAGARA ST	2025-10-17	Two-Way , Not Divided	Dry	Daylight	Clear	Unknown	No	Stop Signs	2	2	Complains Of Pain	NA	41.79989	-71.41934	1	NA	FALSE	FALSE	1	FALSE	FALSE	Ontario Street and Niagara Street, Providence, RI, USA	FALSE	-71.4193425	41.7999015	intersection	geometric_center	ontario st & niagara st, providence, ri 02907, usa	NA	NA	NA	NA	41.7999015	-71.4193425	1.2968761370024897
442	2025-10-17	929148	19:24:00	Pedestrian	RANDALL ST	CHARLES ST	2025-10-17	Two-Way , Not Divided	Dry	Dark - Lighted	Clear	Not a Collision Between Two Motor Vehicles in Transport	No	No Controls	2	1	Non-Incapacitating	NA	41.83702	-71.41107	1	NA	FALSE	FALSE	1	FALSE	FALSE	Randall Street and Charles Street, Providence, RI, USA	FALSE	-71.41225969999999	41.83607170000001	intersection	geometric_center	charles st & randall st, providence, ri 02904, usa	NA	NA	NA	NA	41.83607170000001	-71.41225969999999	144.49915199728963
443	2025-10-18	929172	16:22:00	Bicycle	PITMAN ST	E RIVER ST	2025-10-18	Two-Way , Not Divided	Dry	Daylight	Clear	Angle (Front - to - Side) Right Angle (Includes Broadside)	No	No Controls	2	1	Complains Of Pain	NA	41.82682	-71.38252	NA	1	FALSE	FALSE	1	FALSE	FALSE	Pitman Street and E River Street, Providence, RI, USA	FALSE	-71.3815305	41.8270161	intersection	geometric_center	pitman st & e river st, providence, ri 02906, usa	NA	NA	NA	NA	41.8270161	-71.3815305	84.93344279144857
444	2025-10-18	929184	21:05:00	Pedestrian	FOUNTAIN ST	EMPIRE ST	2025-10-19	Two-Way , Not Divided	Dry	Dark - Lighted	Clear	Not a Collision Between Two Motor Vehicles in Transport	No	Traffic Control Signal	4	1	Complains Of Pain	NA	41.82234	-71.41712	1	NA	FALSE	FALSE	1	FALSE	FALSE	Fountain Street and Empire Street, Providence, RI, USA	FALSE	-71.4171124	41.8223654	intersection	geometric_center	fountain st & empire st, providence, ri 02903, usa	NA	NA	NA	NA	41.8223654	-71.4171124	2.8969533035855197
445	2025-10-19	929190	14:01:00	Bicycle	HAWKINS ST	BRANCH AVE	2025-10-19	One-Way Trafficway	Dry	Daylight	Clear	Not a Collision Between Two Motor Vehicles in Transport	No	Traffic Control Signal	2	1	Complains Of Pain	NA	41.8509	-71.42142	NA	1	FALSE	FALSE	1	FALSE	FALSE	Hawkins Street and Branch Ave, Providence, RI, USA	FALSE	-71.42145169999999	41.8509324	intersection	geometric_center	hawkins st & branch ave, providence, ri 02904, usa	NA	NA	NA	NA	41.8509324	-71.42145169999999	4.462959966470476
446	2025-10-19	929255	16:44:00	Pedestrian	CORLISS ST	NA	2025-10-21	Unknown	Dry	Daylight	Clear	Unknown	No	Unknown	2	1	Complains Of Pain	NA	NA	NA	1	NA	FALSE	FALSE	1	FALSE	TRUE	Corliss Street, Providence, RI, USA	FALSE	-71.4128294	41.8406375	route	geometric_center	corliss st, providence, ri 02904, usa	NA	NA	NA	NA	41.8406375	-71.4128294	NA
447	2025-10-19	929331	18:22:00	Pedestrian	WESTMINSTER ST	BOUGH ST	2025-10-22	Two-Way , Not Divided	Dry	Dark - Lighted	Clear	Not a Collision Between Two Motor Vehicles in Transport	Yes, M/V and Driver Left Scene	No Controls	1	0	No Injury	NA	41.81656	-71.44159	1	NA	FALSE	FALSE	1	FALSE	FALSE	Westminster Street and Bough Street, Providence, RI, USA	FALSE	-71.4418481	41.8166395	intersection	geometric_center	bough st & westminster st, providence, ri 02909, usa	NA	NA	NA	NA	41.8166395	-71.4418481	23.169878528796467
448	2025-10-21	929282	16:48:00	Pedestrian	MANTON AVE	THERESA CT	2025-10-21	Two-Way , Not Divided	Dry	Daylight	Clear	Not a Collision Between Two Motor Vehicles in Transport	No	No Controls	4	1	Complains Of Pain	NA	41.82163	-71.44874	1	NA	FALSE	FALSE	1	FALSE	FALSE	Manton Ave and Theresa Ct, Providence, RI, USA	FALSE	-71.44862359999999	41.8215558	intersection	geometric_center	teresa st & manton ave, providence, ri 02909, usa	NA	NA	NA	NA	41.8215558	-71.44862359999999	12.707103784217347
449	2025-10-21	929288	19:43:00	Pedestrian	PETTEYS AVE	GLENBRIDGE AVE	2025-10-21	Two-Way , Not Divided	Dry	Dusk	Clear	Not a Collision Between Two Motor Vehicles in Transport	Yes, M/V and Driver Left Scene	No Controls	1	1	Non-Incapacitating	NA	41.81896	-71.4616	1	NA	FALSE	FALSE	1	FALSE	FALSE	Petteys Ave and Glenbridge Ave, Providence, RI, USA	FALSE	-71.4615875	41.81901	intersection	geometric_center	glenbridge ave & petteys ave, providence, ri 02909, usa	NA	NA	NA	NA	41.81901	-71.4615875	5.66175576609178
451	2025-10-23	929365	20:45:00	Pedestrian	BRANCH AVE	ABRAM ST	2025-10-23	Two-Way , Not Divided	Dry	Dark - Lighted	Clear	Not a Collision Between Two Motor Vehicles in Transport	No	Pavement Markings	3	1	Incapacitating	NA	41.85407	-71.43042	1	NA	FALSE	FALSE	1	FALSE	FALSE	Branch Ave and Abram Street, Providence, RI, USA	FALSE	-71.4306766	41.8541617	intersection	geometric_center	branch ave & abram st, providence, ri 02904, usa	NA	NA	NA	NA	41.8541617	-71.4306766	23.598318850208965
454	2025-10-26	929426	12:58:00	Pedestrian	740 PLAINFIELD ST	NA	2025-10-26	Two-Way , Not Divided	Dry	Daylight	Clear	Not a Collision Between Two Motor Vehicles in Transport	Yes, M/V and Driver Left Scene	No Controls	1	1	Complains Of Pain	NA	NA	NA	1	NA	FALSE	FALSE	1	TRUE	TRUE	740 Plainfield Street, Providence, RI, USA	FALSE	-71.46010369999999	41.80983639999999	street_address	rooftop	740 plainfield st, providence, ri 02909, usa	NA	NA	NA	NA	41.80983639999999	-71.46010369999999	NA
455	2025-10-27	929473	20:13:00	Bicycle	POTTERS AVE	HALTON ST	2025-10-27	Two-Way , Not Divided	Dry	Dark - Lighted	Clear	Not a Collision Between Two Motor Vehicles in Transport	No	Pavement Markings	2	1	Complains Of Pain	NA	41.80369	-71.43403	NA	1	FALSE	FALSE	1	FALSE	FALSE	Potters Ave and Halton Street, Providence, RI, USA	FALSE	-71.4338487	41.8036503	intersection	geometric_center	potters ave & halton st, providence, ri 02907, usa	NA	NA	NA	NA	41.8036503	-71.4338487	15.680178029481084
456	2025-10-29	929530	10:19:00	Pedestrian	Medway	Wayland	2025-10-29	Two-Way , Not Divided	Dry	Daylight	Cloudy	Other	No	Stop Signs	2	1	Complains Of Pain	NA	NA	NA	1	NA	FALSE	FALSE	1	FALSE	FALSE	Medway and Wayland, Providence, RI, USA	FALSE	-71.3881767	41.8293413	intersection	geometric_center	wayland ave & medway st, providence, ri 02906, usa	NA	NA	NA	NA	41.8293413	-71.3881767	NA
457	2025-10-29	929565	19:19:00	Pedestrian	BROAD ST	NORWICH AVE	2025-10-30	Two-Way , Not Divided	Wet	Dark - Lighted	Sleet, Hail (Freezing Rain or Drizzle)	Not a Collision Between Two Motor Vehicles in Transport	No	No Controls	2	1	Complains Of Pain	NA	41.80216	-71.41866	1	NA	FALSE	FALSE	1	FALSE	FALSE	Broad Street and Norwich Ave, Providence, RI, USA	FALSE	-71.4186331	41.8021789	intersection	geometric_center	broad st & norwich ave, providence, ri 02907, usa	NA	NA	NA	NA	41.8021789	-71.4186331	3.067488889283518
458	2025-10-30	929583	12:34:00	Pedestrian	CHARLES ST	ORMS ST	2025-10-30	Two-Way , Not Divided	Dry	Daylight	Cloudy	Not a Collision Between Two Motor Vehicles in Transport	Yes, M/V and Driver Left Scene	Pavement Markings	2	1	Complains Of Pain	NA	41.83518	-71.41154	1	NA	FALSE	FALSE	1	FALSE	FALSE	Charles Street and Orms Street, Providence, RI, USA	FALSE	-71.4113821	41.8348616	intersection	geometric_center	charles st & orms st, providence, ri 02904, usa	NA	NA	NA	NA	41.8348616	-71.4113821	37.786238844683965
459	2025-10-30	929589	14:51:00	Pedestrian	WESTMINSTER ST	LAFAYETTE ST	2025-10-30	Unknown	Wet	Daylight	Rain	Not a Collision Between Two Motor Vehicles in Transport	Yes, M/V and Driver Left Scene	Unknown	2	1	Complains Of Pain	NA	41.81734	-71.42322	1	NA	FALSE	FALSE	1	FALSE	FALSE	Westminster Street and Lafayette Street, Providence, RI, USA	FALSE	-71.4235703	41.817328	intersection	geometric_center	lafayette st & westminster st, providence, ri 02903, usa	NA	NA	NA	NA	41.817328	-71.4235703	29.09281857919355
461	2025-10-31	929622	09:30:00	Bicycle	KILLINGLY ST EXIT	KILLINGLY ST	2025-10-31	One-Way Trafficway	Dry	Daylight	Clear	Not a Collision Between Two Motor Vehicles in Transport	No	Stop Signs	2	1	Complains Of Pain	NA	41.8212	-71.46975	NA	1	FALSE	FALSE	1	FALSE	FALSE	Killingly Street Exit and Killingly Street, Providence, RI, USA	FALSE	-71.4700583	41.8217334	route	geometric_center	killingly st, rhode island, usa	NA	NA	NA	NA	41.8217334	-71.4700583	64.65181805586097
462	2025-10-31	929631	18:24:00	Pedestrian	Blackstone Blvd	UNIVERSITY AVE	2025-10-31	Two-Way , Not Divided	Dry	Dark - Lighted	Clear	Other	No	No Controls	2	2	Complains Of Pain	NA	41.83478	-71.38442	1	NA	FALSE	FALSE	1	FALSE	FALSE	Blackstone Blvd and University Ave, Providence, RI, USA	FALSE	-71.3844182	41.8347493	intersection	geometric_center	university ave & blackstone blvd, providence, ri 02906, usa	NA	NA	NA	NA	41.8347493	-71.3844182	3.4207677598609236
463	2025-11-02	929681	14:27:00	Bicycle	AMERICA ST	ATWELLS AVE	2025-11-02	Two-Way , Not Divided	Dry	Daylight	Clear	Not a Collision Between Two Motor Vehicles in Transport	No	Stop Signs	2	1	Complains Of Pain	NA	41.82369	-71.42832	NA	1	FALSE	FALSE	1	FALSE	FALSE	America Street and Atwells Ave, Providence, RI, USA	FALSE	-71.4281955	41.823706	intersection	geometric_center	america st & atwells ave, providence, ri 02903, usa	NA	NA	NA	NA	41.823706	-71.4281955	10.480392658166853
466	2025-11-04	929756	14:50:00	Bicycle	ACADEMY AVE	SMITH ST	2025-11-04	Two-Way , Not Divided	Dry	Daylight	Clear	Not a Collision Between Two Motor Vehicles in Transport	No	Traffic Control Signal	3	0	No Injury	NA	41.84258	-71.44515	NA	1	TRUE	FALSE	1	FALSE	FALSE	Academy Ave and Smith Street, Providence, RI, USA	FALSE	-71.4451576	41.842608	intersection	geometric_center	academy ave & smith st, providence, ri 02908, usa	NA	NA	NA	NA	41.842608	-71.4451576	3.180030885353147
468	2025-11-06	929811	09:27:00	Pedestrian	DOYLE AVE	N MAIN ST	2025-11-06	Two-Way, Divided, Unprotected (painted>4feet) Medium	Dry	Daylight	Clear	Not a Collision Between Two Motor Vehicles in Transport	No	Pavement Markings	2	1	Complains Of Pain	NA	41.83835	-71.40908	1	NA	FALSE	FALSE	1	FALSE	FALSE	Doyle Ave and N Main Street, Providence, RI, USA	FALSE	-71.4092347	41.8383506	intersection	geometric_center	n main st & doyle ave, providence, ri 02906, usa	NA	NA	NA	NA	41.8383506	-71.4092347	12.830423551601472
469	2025-11-06	929832	21:34:00	Pedestrian	Whitehall st	PROGRESS AVE	2025-11-06	Two-Way , Not Divided	Dry	Dark - Lighted	Clear	Other	Yes, M/V and Driver Left Scene	No Controls	1	1	Complains Of Pain	NA	41.80973	-71.44483	1	NA	FALSE	FALSE	1	FALSE	FALSE	Whitehall Street and Progress Ave, Providence, RI, USA	FALSE	-71.4448022	41.8097066	intersection	geometric_center	progress ave & whitehall st, providence, ri 02909, usa	NA	NA	NA	NA	41.8097066	-71.4448022	3.479377104098981
470	2025-11-06	929847	15:48:00	Pedestrian	PALLAS ST	BROADWAY	2025-11-07	Two-Way , Not Divided	Dry	Daylight	Clear	Angle (Front - to - Side) Right Angle (Includes Broadside)	No	No Controls	3	1	Complains Of Pain	NA	41.82101	-71.42415	1	NA	TRUE	FALSE	1	FALSE	FALSE	Pallas Street and Broadway, Providence, RI, USA	FALSE	-71.4242046	41.8210427	intersection	geometric_center	pallas st & broadway, providence, ri 02903, usa	NA	NA	NA	NA	41.8210427	-71.4242046	5.810979899791638