row_number	crash_date	crash_report_id	crash_time	collision_type	street_or_highway	nearest_intersection	report_date	type_of_roadway	road_surface_condition	light_condition	weather_condition	manner_of_impact	hit_and_run	traffic_control	person_count	injury_count	most_serious_injury	number_of_lanes	lat_raw	lon_raw	count_pedestrian	count_bicycle	scooter	wheel_chair	number_of_vehicles	has_st_number	is_intersection_null	address_sent_to_geocoder	is_address_blank	lon_api_first_try	lat_api_first_try	type	loctype	address_returned_by_geocoder	address_returned_by_autocomplete	place_ids_autocompleted	lat_api_second_try	lon_api_second_try	lat_api_best	lon_api_best	distance_btwn_coords_meters
472	2025-11-09	929873	10:24:00	Bicycle	CURTIS ST	SHERIDAN ST	2025-11-09	Two-Way , Not Divided	Dry	Daylight	Clear	Not a Collision Between Two Motor Vehicles in Transport	Yes, M/V and Driver Left Scene	No Controls	1	0	No Injury	NA	41.82313	-71.4518	NA	1	FALSE	FALSE	1	FALSE	FALSE	Curtis Street and Sheridan Street, Providence, RI, USA	FALSE	-71.45191799999999	41.8232661	intersection	geometric_center	sheridan st & curtis st, providence, ri 02909, usa	NA	NA	NA	NA	41.8232661	-71.45191799999999	18.037761131341025
473	2025-11-09	932838	11:54:00	Bicycle	BELLEVUE AVE	DEXTER ST	2026-01-17	Two-Way , Not Divided	Dry	Daylight	Clear	Angle (Front - to - Side) Right Angle (Includes Broadside)	No	Stop Signs	2	1	Complains Of Pain	NA	41.80744	-71.42869	NA	1	FALSE	FALSE	1	FALSE	FALSE	Bellevue Ave and Dexter Street, Providence, RI, USA	FALSE	-71.4286841	41.8074588	intersection	geometric_center	dexter st & bellevue ave, providence, ri 02907, usa	NA	NA	NA	NA	41.8074588	-71.4286841	2.1493041328558253
475	2025-11-10	929896	11:59:00	Pedestrian	POINT ST	RICHMOND ST	2025-11-10	Two-Way , Not Divided	Wet	Daylight	Rain	Not a Collision Between Two Motor Vehicles in Transport	No	Traffic Control Signal	2	1	Non-Incapacitating	NA	41.81657	-71.40724	1	NA	FALSE	FALSE	1	FALSE	FALSE	Point Street and Richmond Street, Providence, RI, USA	FALSE	-71.4072529	41.8165662	intersection	geometric_center	point st & richmond st, providence, ri 02903, usa	NA	NA	NA	NA	41.8165662	-71.4072529	1.150808547359952
476	2025-11-10	929903	18:21:00	Pedestrian	GEORGE ST	BROWN ST	2025-11-10	Two-Way , Not Divided	Wet	Daylight	Rain	Not a Collision Between Two Motor Vehicles in Transport	No	Pavement Markings	3	1	Complains Of Pain	NA	41.82535	-71.40276	1	NA	FALSE	FALSE	1	FALSE	FALSE	George Street and Brown Street, Providence, RI, USA	FALSE	-71.40271469999999	41.8253583	intersection	geometric_center	brown st & george st, providence, ri 02906, usa	NA	NA	NA	NA	41.8253583	-71.40271469999999	3.86970100264604
477	2025-11-10	929904	15:09:00	Pedestrian	DOUGLAS AVE	CHAD BROWN ST	2025-11-10	Two-Way , Not Divided	Dry	Daylight	Cloudy	Not a Collision Between Two Motor Vehicles in Transport	No	No Controls	4	0	No Injury	NA	41.83988	-71.42639	1	NA	FALSE	FALSE	1	FALSE	FALSE	Douglas Ave and Chad Brown Street, Providence, RI, USA	FALSE	-71.4258274	41.8392697	intersection	geometric_center	chad brown st & douglas ave, providence, ri 02908, usa	NA	NA	NA	NA	41.8392697	-71.4258274	82.4177211422704
478	2025-11-11	929918	22:35:00	Bicycle	Vermont Ave	VIRGINIA AVE	2025-11-11	Two-Way , Not Divided	Dry	Dark - Lighted	Clear	Angle (Front - to - Side) Opposite Direction	Yes, M/V and Driver Left Scene	No Controls	1	1	Complains Of Pain	NA	41.78876	-71.39591	NA	1	FALSE	FALSE	1	FALSE	FALSE	Vermont Ave and Virginia Ave, Providence, RI, USA	FALSE	-71.3989962	41.7882227	intersection	geometric_center	vermont ave & virginia ave, providence, ri 02905, usa	NA	NA	NA	NA	41.7882227	-71.3989962	263.0476950441572
480	2025-11-12	929938	20:46:00	Pedestrian	BROAD ST	THURBERS AVE	2025-11-12	Two-Way , Not Divided	Dry	Dark - Lighted	Clear	Not a Collision Between Two Motor Vehicles in Transport	Yes, M/V and Driver Left Scene	No Controls	1	0	No Injury	NA	41.7982	-71.41467	1	NA	FALSE	FALSE	1	FALSE	FALSE	Broad Street and Thurbers Ave, Providence, RI, USA	FALSE	-71.414661	41.7982144	intersection	geometric_center	thurbers ave & broad st, providence, ri 02905, usa	NA	NA	NA	NA	41.7982144	-71.414661	1.7684635252238012
481	2025-11-12	929939	16:00:00	Pedestrian	Broad st	Cahir St	2025-11-12	Two-Way , Not Divided	Dry	Daylight	Clear	Angle (Front - to - Side) Same Direction	No	Stop Signs	2	1	Complains Of Pain	NA	NA	NA	1	NA	FALSE	FALSE	1	FALSE	FALSE	Broad Street and Cahir Street, Providence, RI, USA	FALSE	-71.4178933	41.8169555	intersection	geometric_center	broad st & cahir st, providence, ri 02903, usa	NA	NA	NA	NA	41.8169555	-71.4178933	NA
482	2025-11-13	930044	23:30:00	Pedestrian	WHIPPLE ST	ADMIRAL ST	2025-11-17	Two-Way , Not Divided	Dry	Dark - Unknown Lighting	Clear	Unknown	Yes, M/V and Driver Left Scene	Unknown	2	1	Complains Of Pain	NA	41.84065	-71.41897	1	NA	FALSE	FALSE	1	FALSE	FALSE	Whipple Street and Admiral Street, Providence, RI, USA	FALSE	-71.41898359999999	41.8406561	intersection	geometric_center	admiral st & whipple st, providence, ri 02908, usa	NA	NA	NA	NA	41.8406561	-71.41898359999999	1.3165299226263296
483	2025-11-14	929980	05:59:00	Pedestrian	DUDLEY ST	PRAIRIE AVE	2025-11-14	Two-Way , Not Divided	Dry	Daylight	Clear	Unknown	Yes, M/V and Driver Left Scene	Unknown	1	0	Unknown	NA	41.80996	-71.41568	1	NA	FALSE	FALSE	1	FALSE	FALSE	Dudley Street and Prairie Ave, Providence, RI, USA	FALSE	-71.4156686	41.8099717	intersection	geometric_center	dudley st & prairie ave, providence, ri 02905, usa	NA	NA	NA	NA	41.8099717	-71.4156686	1.609676706842917
485	2025-11-14	929991	18:36:00	Pedestrian	CANAL ST	WASHINGTON ST	2025-11-14	Two-Way , Not Divided	Dry	Daylight	Clear	Other	Yes, M/V and Driver Left Scene	No Controls	3	2	Complains Of Pain	NA	41.8267	-71.40953	1	NA	FALSE	FALSE	1	FALSE	FALSE	Canal Street and Washington Street, Providence, RI, USA	FALSE	-74.0018897	40.7194023	route	geometric_center	canal st, new york, ny, usa	NA	NA	NA	NA	40.7194023	-74.0018897	249452.75492661633
488	2025-11-16	930068	09:45:00	Pedestrian	N MAIN ST	DOYLE AVE	2025-11-17	Two-Way, Divided, Positive Median Barrier	Dry	Daylight	Clear	Other	No	Unknown	1	1	Complains Of Pain	NA	41.83834	-71.40923	1	NA	FALSE	FALSE	1	FALSE	FALSE	N Main Street and Doyle Ave, Providence, RI, USA	FALSE	-71.4092347	41.8383506	intersection	geometric_center	n main st & doyle ave, providence, ri 02906, usa	NA	NA	NA	NA	41.8383506	-71.4092347	1.2427039142238951
490	2025-11-16	930696	15:37:00	Bicycle	BROADWAY	VALLEY ST	2025-12-07	Two-Way, Divided, Unprotected (painted>4feet) Medium	Dry	Dusk	Cloudy	Not a Collision Between Two Motor Vehicles in Transport	No	No Controls	2	0	No Injury	NA	41.81684	-71.441	NA	1	FALSE	FALSE	1	FALSE	FALSE	Broadway and Valley Street, Providence, RI, USA	FALSE	-71.4410135	41.8168365	intersection	geometric_center	valley st & broadway, providence, ri 02909, usa	NA	NA	NA	NA	41.8168365	-71.4410135	1.1858498000355406
491	2025-11-18	930113	19:40:00	Pedestrian	GENTIAN AVE	LOTUS PL	2025-11-18	Two-Way , Not Divided	Dry	Dark - Not Lighted	Clear	Not a Collision Between Two Motor Vehicles in Transport	No	Other	2	1	Complains Of Pain	NA	41.84864	-71.45044	1	NA	FALSE	FALSE	1	FALSE	FALSE	Gentian Ave and Lotus Pl, Providence, RI, USA	FALSE	-71.4504195	41.8486612	intersection	geometric_center	lotus pl & gentian ave, providence, ri 02908, usa	NA	NA	NA	NA	41.8486612	-71.4504195	2.90847124440453
492	2025-11-18	930116	17:15:00	Pedestrian	S MAIN ST	S MAIN ST	2025-11-18	One-Way Trafficway	Dry	Dark - Lighted	Clear	Not a Collision Between Two Motor Vehicles in Transport	Yes, M/V and Driver Left Scene	No Controls	1	1	Complains Of Pain	NA	41.82368	-71.40634	1	NA	FALSE	FALSE	1	FALSE	FALSE	S Main Street and S Main Street, Providence, RI, USA	FALSE	-71.54917019999999	41.7386025	intersection	geometric_center	main st & s main st, cranston, ri, usa	NA	NA	NA	NA	41.7386025	-71.54917019999999	15174.641682969897
495	2025-11-19	930164	19:00:00	Bicycle	College Rd	NA	2025-11-19	Two-Way , Not Divided	Dry	Dark - Lighted	Clear	Not a Collision Between Two Motor Vehicles in Transport	Yes, M/V and Driver Left Scene	No Controls	2	1	Non-Incapacitating	NA	NA	NA	NA	1	FALSE	FALSE	1	FALSE	TRUE	College Rd, Providence, RI, USA	FALSE	-71.4410431	41.8438416	route	geometric_center	college rd, providence, ri 02908, usa	NA	NA	NA	NA	41.8438416	-71.4410431	NA
496	2025-11-20	930187	09:02:00	Pedestrian	35 PLAINFIELD ST	DIKE ST	2025-11-20	Unknown	Dry	Daylight	Clear	Not a Collision Between Two Motor Vehicles in Transport	Yes, M/V and Driver Left Scene	No Controls	2	1	Complains Of Pain	NA	41.81627	-71.44457	1	NA	FALSE	FALSE	1	TRUE	FALSE	35 Plainfield Street, Providence, RI, USA	FALSE	-71.4446954	41.8166586	street_address	rooftop	35 plainfield st, providence, ri 02909, usa	NA	NA	NA	NA	41.8166586	-71.4446954	44.49222703923175
497	2025-11-20	930197	17:09:00	Pedestrian	GEORGE ST	HOPE ST	2025-11-20	Two-Way , Not Divided	Dry	Dark - Lighted	Clear	Other	No	No Controls	2	1	Complains Of Pain	NA	41.82579	-71.39727	1	NA	FALSE	FALSE	1	FALSE	FALSE	George Street and Hope Street, Providence, RI, USA	FALSE	-71.3972704	41.8257902	intersection	geometric_center	hope st & george st, providence, ri 02906, usa	NA	NA	NA	NA	41.8257902	-71.3972704	0.03995826066096828
498	2025-11-21	930240	16:01:00	Bicycle	CHAD BROWN ST	CAMDEN AVE	2025-11-21	Two-Way , Not Divided	Dry	Daylight	Clear	Not a Collision Between Two Motor Vehicles in Transport	Yes, M/V and Driver Left Scene	Stop Signs	2	1	Complains Of Pain	NA	41.83888	-71.42671	NA	1	FALSE	FALSE	1	FALSE	FALSE	Chad Brown Street and Camden Ave, Providence, RI, USA	FALSE	-71.4267042	41.8388958	intersection	geometric_center	chad brown st & camden ave, providence, ri 02908, usa	NA	NA	NA	NA	41.8388958	-71.4267042	1.823439817151021
499	2025-11-23	930284	09:23:00	Pedestrian	EVERETT AVE	WAYLAND AVE	2025-11-23	Two-Way , Not Divided	Dry	Daylight	Clear	Not a Collision Between Two Motor Vehicles in Transport	Yes, M/V and Driver Left Scene	No Controls	1	1	Complains Of Pain	NA	41.83623	-71.38971	1	NA	FALSE	FALSE	1	FALSE	FALSE	Everett Ave and Wayland Ave, Providence, RI, USA	FALSE	-71.3897863	41.8361617	intersection	geometric_center	wayland ave & everett ave, providence, ri 02906, usa	NA	NA	NA	NA	41.8361617	-71.3897863	9.892131235009572
500	2025-11-24	930318	16:58:00	Pedestrian	prairie ave	BOGMAN ST	2025-11-24	Two-Way , Not Divided	Dry	Daylight	Clear	Other	No	No Controls	2	2	Complains Of Pain	NA	41.8062	-71.41509	1	NA	FALSE	FALSE	1	FALSE	FALSE	Prairie Ave and Bogman Street, Providence, RI, USA	FALSE	-71.4150798	41.8062158	intersection	geometric_center	bogman st & prairie ave, providence, ri 02905, usa	NA	NA	NA	NA	41.8062158	-71.4150798	1.9518958086938738
502	2025-11-25	930337	09:01:00	Other	VIOLET ST	CHALKSTONE AVE	2025-11-25	Two-Way , Not Divided	Dry	Daylight	Clear	Angle (Front - to - Side) Right Angle (Includes Broadside)	Yes, Driver Left Scene	Stop Signs	1	0	No Injury	NA	41.83492	-71.42668	NA	NA	TRUE	FALSE	2	FALSE	FALSE	Violet Street and Chalkstone Ave, Providence, RI, USA	FALSE	-71.4266809	41.8349672	intersection	geometric_center	violet st & chalkstone ave, providence, ri 02908, usa	NA	NA	NA	NA	41.8349672	-71.4266809	5.25481018604671
505	2025-11-29	930434	17:54:00	Pedestrian	KENNEDY PLZ	DORRANCE ST	2025-11-29	Two-Way , Not Divided	Dry	Dark - Lighted	Clear	Not a Collision Between Two Motor Vehicles in Transport	Yes, M/V and Driver Left Scene	No Controls	1	1	Complains Of Pain	NA	41.82436	-71.41206	1	NA	FALSE	FALSE	1	FALSE	FALSE	Kennedy Plz and Dorrance Street, Providence, RI, USA	FALSE	-71.4123015	41.824129	intersection	geometric_center	kennedy plaza & dorrance st, providence, ri 02903, usa	NA	NA	NA	NA	41.824129	-71.4123015	32.597448772307835
506	2025-11-29	930437	15:55:00	Pedestrian	BROAD ST	FRICKER ST	2025-11-29	Unknown	Dry	Daylight	Clear	Rear End(Front-to-Rear)	No	No Controls	4	1	Complains Of Pain	NA	41.81532	-71.42064	1	NA	FALSE	FALSE	2	FALSE	FALSE	Broad Street and Fricker Street, Providence, RI, USA	FALSE	-71.4206052	41.8153888	intersection	geometric_center	fricker st & broad st, providence, ri 02903, usa	NA	NA	NA	NA	41.8153888	-71.4206052	8.184923409750937
507	2025-11-29	930444	21:51:00	Bicycle	MANTON AVE	ANDERSON ST	2025-11-29	Two-Way, Divided, Unprotected (painted>4feet) Medium	Dry	Dark - Lighted	Clear	Not a Collision Between Two Motor Vehicles in Transport	Yes, M/V and Driver Left Scene	Stop Signs	1	1	Complains Of Pain	NA	41.82277	-71.45027	NA	1	FALSE	FALSE	1	FALSE	FALSE	Manton Ave and Anderson Street, Providence, RI, USA	FALSE	-71.4501863	41.822703	intersection	geometric_center	anderson st & manton ave, providence, ri 02909, usa	NA	NA	NA	NA	41.822703	-71.4501863	10.19016730791232
510	2025-12-02	930546	07:40:00	Bicycle	DANFORTH ST	DANFORTH ST	2025-12-02	Two-Way , Not Divided	Wet	Daylight	Rain	Not a Collision Between Two Motor Vehicles in Transport	No	No Controls	2	1	Complains Of Pain	NA	41.83601	-71.42639	NA	1	FALSE	FALSE	1	FALSE	FALSE	Danforth Street and Danforth Street, Providence, RI, USA	FALSE	-71.4263549	41.8359527	route	geometric_center	danforth st, providence, ri 02908, usa	NA	NA	NA	NA	41.8359527	-71.4263549	7.011529943935234
511	2025-12-03	930587	16:20:00	Pedestrian	PUTNAM ST	HALE ST	2025-12-03	Two-Way , Not Divided	Dry	Daylight	Clear	Not a Collision Between Two Motor Vehicles in Transport	No	No Controls	3	1	Complains Of Pain	NA	41.82386	-71.44388	1	NA	FALSE	FALSE	1	FALSE	FALSE	Putnam Street and Hale Street, Providence, RI, USA	FALSE	-71.4438638	41.8239593	intersection	geometric_center	hale st & putnam st, providence, ri 02909, usa	NA	NA	NA	NA	41.8239593	-71.4438638	11.135415091731087
512	2025-12-03	930593	15:57:00	Pedestrian	SERVICE ROAD 7	BROADWAY	2025-12-03	One-Way Trafficway	Dry	Daylight	Clear	Other	No	Pavement Markings	5	0	No Injury	NA	41.8213	-71.42072	1	NA	FALSE	FALSE	2	FALSE	FALSE	Service Road 7 and Broadway, Providence, RI, USA	FALSE	-71.4208372	41.8218293	intersection	geometric_center	service rd 1 & broadway, providence, ri 02903, usa	NA	NA	NA	NA	41.8218293	-71.4208372	59.718194676385956
513	2025-12-04	930623	17:54:00	Pedestrian	ELMWOOD AVE	POTTERS AVE	2025-12-04	Two-Way , Not Divided	Dry	Dark - Lighted	Clear	Other	No	Traffic Control Signal	3	1	Complains Of Pain	NA	NA	NA	1	NA	FALSE	FALSE	1	FALSE	FALSE	Elmwood Ave and Potters Ave, Providence, RI, USA	FALSE	-71.4263526	41.8015181	intersection	geometric_center	potters ave & elmwood ave, providence, ri 02907, usa	NA	NA	NA	NA	41.8015181	-71.4263526	NA
514	2025-12-05	930658	16:40:00	Pedestrian	THURBERS AVE	PRAIRIE AVE	2025-12-05	Two-Way , Not Divided	Dry	Dark - Not Lighted	Clear	Not a Collision Between Two Motor Vehicles in Transport	Yes, M/V and Driver Left Scene	Pavement Markings	2	2	Complains Of Pain	NA	41.79873	-71.41191	2	NA	FALSE	FALSE	1	FALSE	FALSE	Thurbers Ave and Prairie Ave, Providence, RI, USA	FALSE	-71.4119137	41.79874969999999	intersection	geometric_center	thurbers ave & prairie ave, providence, ri 02905, usa	NA	NA	NA	NA	41.79874969999999	-71.4119137	2.2143858891825277
515	2025-12-05	930659	17:36:00	Pedestrian	OAKLAND AVE	SMITH ST	2025-12-05	Two-Way , Not Divided	Dry	Dark - Lighted	Clear	Not a Collision Between Two Motor Vehicles in Transport	No	Pavement Markings	4	1	Complains Of Pain	NA	41.83623	-71.43046	1	NA	FALSE	FALSE	1	FALSE	FALSE	Oakland Ave and Smith Street, Providence, RI, USA	FALSE	-71.4304398	41.83624229999999	intersection	geometric_center	oakland ave & smith st, providence, ri 02908, usa	NA	NA	NA	NA	41.83624229999999	-71.4304398	2.163712507912042
516	2025-12-06	930681	02:57:00	Pedestrian	BRIDGE STREET	POINT ST	2025-12-06	One-Way Trafficway	Dry	Dark - Lighted	Clear	Not a Collision Between Two Motor Vehicles in Transport	Yes, M/V and Driver Left Scene	No Controls	2	1	Complains Of Pain	NA	41.81835	-71.40262	1	NA	FALSE	FALSE	1	FALSE	FALSE	Bridge Street and Point Street, Providence, RI, USA	FALSE	-71.40234699999999	41.8184601	intersection	geometric_center	point st & bridge st, providence, ri 02903, usa	NA	NA	NA	NA	41.8184601	-71.40234699999999	25.752255435579325
518	2025-12-11	930797	02:30:00	Bicycle	Thayer St/Waterman St	THAYER ST	2025-12-11	One-Way Trafficway	Wet	Dark - Lighted	Clear	Other	Yes, M/V and Driver Left Scene	Traffic Control Signal	2	1	Complains Of Pain	NA	41.82728	-71.40054	NA	1	FALSE	FALSE	1	FALSE	FALSE	Thayer St/Waterman Street and Thayer Street, Providence, RI, USA	FALSE	-71.4005614	41.8272885	intersection	geometric_center	thayer st & waterman st, providence, ri 02906, usa	NA	NA	NA	NA	41.8272885	-71.4005614	2.011581772236796
519	2025-12-12	930842	11:03:00	Pedestrian	KILLINGLY ST	HARTFORD AVE	2025-12-12	Two-Way , Not Divided	Dry	Daylight	Clear	Not a Collision Between Two Motor Vehicles in Transport	No	Pavement Markings	3	1	Complains Of Pain	NA	41.81998	-71.46893	2	NA	FALSE	FALSE	1	FALSE	FALSE	Killingly Street and Hartford Ave, Providence, RI, USA	FALSE	-71.46894259999999	41.8200201	intersection	geometric_center	killingly st & hartford ave, providence, ri 02909, usa	NA	NA	NA	NA	41.8200201	-71.46894259999999	4.584664988099103
521	2025-12-15	931919	15:25:00	Pedestrian	COLE AVE	ROCHAMBEAU AVE	2025-12-15	Two-Way , Not Divided	Dry	Daylight	Clear	Not a Collision Between Two Motor Vehicles in Transport	No	Pavement Markings	3	1	Complains Of Pain	NA	41.8458	-71.38919	1	NA	FALSE	FALSE	1	FALSE	FALSE	Cole Ave and Rochambeau Ave, Providence, RI, USA	FALSE	-71.38919349999999	41.8458142	intersection	geometric_center	cole ave & rochambeau ave, providence, ri 02906, usa	NA	NA	NA	NA	41.8458142	-71.38919349999999	1.6071620690465063
522	2025-12-16	931955	18:49:00	Pedestrian	POCASSET AVE	MAGDALENE ST	2025-12-16	Two-Way , Not Divided	Dry	Dark - Lighted	Clear	Not a Collision Between Two Motor Vehicles in Transport	No	No Controls	3	1	Non-Incapacitating	NA	41.8084	-71.45572	1	NA	FALSE	FALSE	1	FALSE	FALSE	Pocasset Ave and Magdalene Street, Providence, RI, USA	FALSE	-71.4557871	41.8083256	intersection	geometric_center	pocasset ave & magdalene st, providence, ri 02909, usa	NA	NA	NA	NA	41.8083256	-71.4557871	9.979623994510263
523	2025-12-17	932000	17:26:00	Pedestrian	WESTMINSTER ST	COLLEGE ST	2025-12-17	Two-Way , Not Divided	Dry	Dark - Lighted	Clear	Not a Collision Between Two Motor Vehicles in Transport	No	Pavement Markings	2	1	Complains Of Pain	NA	41.82529	-71.40895	1	NA	FALSE	FALSE	1	FALSE	FALSE	Westminster Street and College Street, Providence, RI, USA	FALSE	-71.40878529999999	41.8253031	intersection	geometric_center	westminster st & college st, providence, ri 02903, usa	NA	NA	NA	NA	41.8253031	-71.40878529999999	13.740005072469302
526	2025-12-18	932050	17:03:00	Pedestrian	Manton Ave	HYAT ST	2025-12-18	Two-Way , Not Divided	Dry	Dark - Lighted	Clear	Rear End(Front-to-Rear)	No	No Controls	5	3	Complains Of Pain	NA	41.8214	-71.44844	1	NA	FALSE	FALSE	2	FALSE	FALSE	Manton Ave and Hyat Street, Providence, RI, USA	FALSE	-71.448419	41.82140560000001	intersection	geometric_center	hyat st & manton ave, providence, ri 02909, usa	NA	NA	NA	NA	41.82140560000001	-71.448419	1.850300004426534
527	2025-12-18	932051	15:32:00	Pedestrian	MEMORIAL BLVD	FRANCIS ST	2025-12-18	One-Way Trafficway	Dry	Daylight	Clear	Not a Collision Between Two Motor Vehicles in Transport	No	Traffic Control Signal	3	1	Complains Of Pain	NA	41.82578	-71.41521	1	NA	FALSE	FALSE	1	FALSE	FALSE	Memorial Blvd and Francis Street, Providence, RI, USA	FALSE	-71.4153238	41.825791099999996	intersection	geometric_center	memorial blvd & francis st, providence, ri 02903, usa	NA	NA	NA	NA	41.825791099999996	-71.4153238	9.520533076349109
530	2025-12-23	932194	11:56:00	Pedestrian	BROAD ST	MASSIE AVE	2025-12-23	Two-Way , Not Divided	Dry	Daylight	Clear	Sideswipe, Same Direction	Yes, M/V and Driver Left Scene	Unknown	1	1	Complains Of Pain	NA	41.80099	-71.41801	1	NA	FALSE	FALSE	1	FALSE	FALSE	Broad Street and Massie Ave, Providence, RI, USA	FALSE	-71.4179884	41.800996	intersection	geometric_center	massie ave & broad st, providence, ri 02905, usa	NA	NA	NA	NA	41.800996	-71.4179884	1.9128674244815487
531	2025-12-23	932272	18:45:00	Pedestrian	LEXINGTON AVE	ELMWOOD AVE	2025-12-26	Unknown	Dry	Dark - Lighted	Clear	Rear End(Front-to-Rear)	Yes, M/V and Driver Left Scene	Unknown	3	0	Unknown	NA	41.7972	-71.42564	2	NA	FALSE	FALSE	2	FALSE	FALSE	Lexington Ave and Elmwood Ave, Providence, RI, USA	FALSE	-71.4256953	41.79718700000001	intersection	geometric_center	elmwood ave & lexington ave, providence, ri 02907, usa	NA	NA	NA	NA	41.79718700000001	-71.4256953	4.812086613878089
532	2025-12-23	932273	18:06:00	Bicycle	9 DABOLL ST	NA	2025-12-26	Unknown	Dry	Dark - Lighted	Clear	Other	No	No Controls	2	0	No Injury	NA	NA	NA	NA	1	FALSE	FALSE	1	TRUE	TRUE	9 Daboll Street, Providence, RI, USA	FALSE	-71.42017129999999	41.8044066	premise	rooftop	9 daboll st, providence, ri 02907, usa	NA	NA	NA	NA	41.8044066	-71.42017129999999	NA
533	2025-12-24	932231	09:32:00	Pedestrian	1075 N MAIN ST	1ST ST	2025-12-24	Unknown	Wet	Daylight	Rain	Other	No	Other	3	2	Complains Of Pain	NA	41.84997	-71.40303	1	NA	FALSE	FALSE	1	TRUE	FALSE	1075 N Main Street, Providence, RI, USA	FALSE	-71.4027551	41.8496661	premise	geometric_center	1075 n main st, providence, ri 02904, usa	NA	NA	NA	NA	41.8496661	-71.4027551	40.79320397629364
535	2025-12-26	932291	19:44:00	Pedestrian	broad st	BROAD ST	2025-12-26	Two-Way , Not Divided	Dry	Dark - Not Lighted	Clear	Not a Collision Between Two Motor Vehicles in Transport	No	Pavement Markings	3	1	Complains Of Pain	NA	41.79756	-71.41388	1	NA	FALSE	FALSE	1	FALSE	FALSE	Broad Street and Broad Street, Providence, RI, USA	FALSE	-71.4174197	41.8004646	route	geometric_center	broad st, providence, ri, usa	NA	NA	NA	NA	41.8004646	-71.4174197	436.84890785498914
536	2025-12-28	932332	16:51:00	Bicycle	BROADWAY	TOBEY ST	2025-12-28	Two-Way, Divided, Unprotected (painted>4feet) Medium	Slush	Dark - Not Lighted	Clear	Angle (Front - to - Side) Right Angle (Includes Broadside)	No	Traffic Control Signal	3	1	Complains Of Pain	NA	41.81848	-71.43503	NA	1	FALSE	FALSE	1	FALSE	FALSE	Broadway and Tobey Street, Providence, RI, USA	FALSE	-71.4351056	41.8184766	intersection	geometric_center	tobey st & broadway, providence, ri 02909, usa	NA	NA	NA	NA	41.8184766	-71.4351056	6.283342561909743
542	2025-12-29	932368	19:56:00	Pedestrian	WASHINGTON ST	MEMORIAL BLVD	2025-12-29	Two-Way, Divided, Positive Median Barrier	Wet	Dark - Lighted	Rain	Not a Collision Between Two Motor Vehicles in Transport	No	Traffic Control Signal	2	1	Non-Incapacitating	NA	41.82635	-71.41015	1	NA	FALSE	FALSE	1	FALSE	FALSE	Washington Street and Memorial Blvd, Providence, RI, USA	FALSE	-71.41016909999999	41.82637	intersection	geometric_center	memorial blvd & washington st, providence, ri 02903, usa	NA	NA	NA	NA	41.82637	-71.41016909999999	2.7325946426094316
543	2025-12-31	932421	16:36:00	Pedestrian	EMPIRE ST	WASHINGTON ST	2025-12-31	Two-Way , Not Divided	Dry	Daylight	Clear	Not a Collision Between Two Motor Vehicles in Transport	Yes, M/V and Driver Left Scene	No Controls	3	1	Complains Of Pain	NA	41.82185	-71.41648	1	NA	FALSE	FALSE	1	FALSE	FALSE	Empire Street and Washington Street, Providence, RI, USA	FALSE	-71.4164272	41.8218699	intersection	geometric_center	empire st & washington st, providence, ri 02903, usa	NA	NA	NA	NA	41.8218699	-71.4164272	4.908484872623469